mdd,mddlink,fetched
北京,/travel-scenic-spot/mafengwo/10065.html,1
上海,/travel-scenic-spot/mafengwo/10099.html,1
重庆,/travel-scenic-spot/mafengwo/10208.html,1
天津,/travel-scenic-spot/mafengwo/10320.html,1
云南,/travel-scenic-spot/mafengwo/12711.html,1
丽江,/travel-scenic-spot/mafengwo/10186.html,1
大理,/travel-scenic-spot/mafengwo/10487.html,1
昆明,/travel-scenic-spot/mafengwo/10807.html,1
香格里拉,/travel-scenic-spot/mafengwo/10482.html,1
泸沽湖,/travel-scenic-spot/mafengwo/10121.html,1
双廊,/travel-scenic-spot/mafengwo/15950.html,1
西双版纳,/travel-scenic-spot/mafengwo/10809.html,1
束河,/travel-scenic-spot/mafengwo/10018.html,1
腾冲,/travel-scenic-spot/mafengwo/10651.html,1
雨崩,/travel-scenic-spot/mafengwo/12141.html,1
四川,/travel-scenic-spot/mafengwo/12703.html,1
成都,/travel-scenic-spot/mafengwo/10035.html,1
九寨沟,/travel-scenic-spot/mafengwo/10136.html,1
稻城,/travel-scenic-spot/mafengwo/10061.html,1
色达,/travel-scenic-spot/mafengwo/10011.html,1
若尔盖,/travel-scenic-spot/mafengwo/10564.html,1
都江堰,/travel-scenic-spot/mafengwo/10163.html,1
亚丁,/travel-scenic-spot/mafengwo/10091.html,1
阿坝,/travel-scenic-spot/mafengwo/11642.html,1
峨眉山,/travel-scenic-spot/mafengwo/10143.html,1
牛背山,/travel-scenic-spot/mafengwo/17315.html,1
浙江,/travel-scenic-spot/mafengwo/14575.html,1
杭州,/travel-scenic-spot/mafengwo/10156.html,1
乌镇,/travel-scenic-spot/mafengwo/10434.html,1
西塘,/travel-scenic-spot/mafengwo/10010.html,1
千岛湖,/travel-scenic-spot/mafengwo/10445.html,1
普陀山,/travel-scenic-spot/mafengwo/11534.html,1
东极岛,/travel-scenic-spot/mafengwo/10439.html,1
南浔,/travel-scenic-spot/mafengwo/10089.html,1
海南,/travel-scenic-spot/mafengwo/12938.html,1
福建,/travel-scenic-spot/mafengwo/12871.html,1
三亚,/travel-scenic-spot/mafengwo/10030.html,1
蜈支洲岛,/travel-scenic-spot/mafengwo/14786.html,1
海口,/travel-scenic-spot/mafengwo/10513.html,1
厦门,/travel-scenic-spot/mafengwo/10132.html,1
鼓浪屿,/travel-scenic-spot/mafengwo/12522.html,1
武夷山,/travel-scenic-spot/mafengwo/10039.html,1
泉州,/travel-scenic-spot/mafengwo/11246.html,1
江苏,/travel-scenic-spot/mafengwo/14387.html,1
南京,/travel-scenic-spot/mafengwo/10684.html,1
苏州,/travel-scenic-spot/mafengwo/10207.html,1
无锡,/travel-scenic-spot/mafengwo/10140.html,1
扬州,/travel-scenic-spot/mafengwo/10128.html,1
周庄,/travel-scenic-spot/mafengwo/11729.html,1
常州,/travel-scenic-spot/mafengwo/10802.html,1
连云港,/travel-scenic-spot/mafengwo/10804.html,1
同里,/travel-scenic-spot/mafengwo/10435.html,1
广东,/travel-scenic-spot/mafengwo/14674.html,1
广西,/travel-scenic-spot/mafengwo/12810.html,1
广州,/travel-scenic-spot/mafengwo/10088.html,1
深圳,/travel-scenic-spot/mafengwo/10198.html,1
珠海,/travel-scenic-spot/mafengwo/10269.html,1
汕头,/travel-scenic-spot/mafengwo/13063.html,1
桂林,/travel-scenic-spot/mafengwo/10095.html,1
阳朔,/travel-scenic-spot/mafengwo/10027.html,1
北海,/travel-scenic-spot/mafengwo/10796.html,1
黄姚古镇,/travel-scenic-spot/mafengwo/11755.html,1
涠洲岛,/travel-scenic-spot/mafengwo/10453.html,1
龙脊梯田,/travel-scenic-spot/mafengwo/18065.html,1
西藏,/travel-scenic-spot/mafengwo/12700.html,1
贵州,/travel-scenic-spot/mafengwo/14103.html,1
拉萨,/travel-scenic-spot/mafengwo/10442.html,1
林芝,/travel-scenic-spot/mafengwo/10814.html,1
阿里,/travel-scenic-spot/mafengwo/10073.html,1
黔东南,/travel-scenic-spot/mafengwo/10381.html,1
荔波,/travel-scenic-spot/mafengwo/11932.html,1
镇远,/travel-scenic-spot/mafengwo/14753.html,1
西江,/travel-scenic-spot/mafengwo/14484.html,1
黄果树,/travel-scenic-spot/mafengwo/10085.html,1
西北,/travel-scenic-spot/mafengwo/31808.html,1
西安,/travel-scenic-spot/mafengwo/10195.html,1
青海湖,/travel-scenic-spot/mafengwo/10799.html,1
西宁,/travel-scenic-spot/mafengwo/10800.html,1
祁连,/travel-scenic-spot/mafengwo/19603.html,1
敦煌,/travel-scenic-spot/mafengwo/10240.html,1
兰州,/travel-scenic-spot/mafengwo/10783.html,1
甘南,/travel-scenic-spot/mafengwo/10076.html,1
张掖,/travel-scenic-spot/mafengwo/11340.html,1
嘉峪关,/travel-scenic-spot/mafengwo/11353.html,1
新疆,/travel-scenic-spot/mafengwo/13061.html,1
山东,/travel-scenic-spot/mafengwo/12976.html,1
山西,/travel-scenic-spot/mafengwo/13033.html,1
青岛,/travel-scenic-spot/mafengwo/10444.html,1
泰山,/travel-scenic-spot/mafengwo/10284.html,1
日照,/travel-scenic-spot/mafengwo/10805.html,1
威海,/travel-scenic-spot/mafengwo/10256.html,1
烟台,/travel-scenic-spot/mafengwo/11243.html,1
长岛,/travel-scenic-spot/mafengwo/11270.html,1
蓬莱,/travel-scenic-spot/mafengwo/10443.html,1
平遥,/travel-scenic-spot/mafengwo/10547.html,1
大同,/travel-scenic-spot/mafengwo/11241.html,1
五台山,/travel-scenic-spot/mafengwo/10057.html,1
壶口瀑布,/travel-scenic-spot/mafengwo/10087.html,1
湖南,/travel-scenic-spot/mafengwo/13732.html,1
湖北,/travel-scenic-spot/mafengwo/14731.html,1
张家界,/travel-scenic-spot/mafengwo/10267.html,1
凤凰,/travel-scenic-spot/mafengwo/10024.html,1
郴州,/travel-scenic-spot/mafengwo/10792.html,1
武汉,/travel-scenic-spot/mafengwo/10133.html,1
恩施,/travel-scenic-spot/mafengwo/10521.html,1
神农架,/travel-scenic-spot/mafengwo/10489.html,1
安徽,/travel-scenic-spot/mafengwo/12719.html,1
江西,/travel-scenic-spot/mafengwo/15508.html,1
黄山,/travel-scenic-spot/mafengwo/10440.html,1
宏村,/travel-scenic-spot/mafengwo/10825.html,1
婺源,/travel-scenic-spot/mafengwo/10045.html,1
景德镇,/travel-scenic-spot/mafengwo/10589.html,1
庐山,/travel-scenic-spot/mafengwo/10244.html,1
三清山,/travel-scenic-spot/mafengwo/11465.html,1
南昌,/travel-scenic-spot/mafengwo/11754.html,1
河北,/travel-scenic-spot/mafengwo/14407.html,1
河南,/travel-scenic-spot/mafengwo/12967.html,1
北戴河,/travel-scenic-spot/mafengwo/10209.html,1
秦皇岛,/travel-scenic-spot/mafengwo/11499.html,1
承德,/travel-scenic-spot/mafengwo/10432.html,1
张北,/travel-scenic-spot/mafengwo/11386.html,1
少林寺,/travel-scenic-spot/mafengwo/10449.html,1
洛阳,/travel-scenic-spot/mafengwo/10094.html,1
龙门石窟,/travel-scenic-spot/mafengwo/10632.html,1
内蒙古,/travel-scenic-spot/mafengwo/12720.html,1
东北,/travel-scenic-spot/mafengwo/16215.html,1
呼伦贝尔,/travel-scenic-spot/mafengwo/10774.html,1
阿尔山,/travel-scenic-spot/mafengwo/10390.html,1
海拉尔,/travel-scenic-spot/mafengwo/10414.html,1
哈尔滨,/travel-scenic-spot/mafengwo/10068.html,1
漠河,/travel-scenic-spot/mafengwo/10427.html,1
雪乡,/travel-scenic-spot/mafengwo/10127.html,1
大连,/travel-scenic-spot/mafengwo/10301.html,1
丹东,/travel-scenic-spot/mafengwo/10584.html,1
盘锦,/travel-scenic-spot/mafengwo/10728.html,1
台湾,/travel-scenic-spot/mafengwo/12684.html,1
台北,/travel-scenic-spot/mafengwo/10819.html,1
垦丁,/travel-scenic-spot/mafengwo/21434.html,1
花莲,/travel-scenic-spot/mafengwo/15325.html,1
高雄,/travel-scenic-spot/mafengwo/11065.html,1
台中,/travel-scenic-spot/mafengwo/16405.html,1
九份,/travel-scenic-spot/mafengwo/23039.html,1
南投,/travel-scenic-spot/mafengwo/12594.html,1
阿里山,/travel-scenic-spot/mafengwo/10044.html,1
香港,/travel-scenic-spot/mafengwo/10189.html,1
澳门,/travel-scenic-spot/mafengwo/10206.html,1
日本,/travel-scenic-spot/mafengwo/10183.html,1
东京,/travel-scenic-spot/mafengwo/10222.html,1
大阪,/travel-scenic-spot/mafengwo/10765.html,1
京都,/travel-scenic-spot/mafengwo/11042.html,1
冲绳,/travel-scenic-spot/mafengwo/11041.html,1
北海道,/travel-scenic-spot/mafengwo/10746.html,1
箱根,/travel-scenic-spot/mafengwo/10768.html,1
札幌,/travel-scenic-spot/mafengwo/10769.html,1
奈良,/travel-scenic-spot/mafengwo/16283.html,1
名古屋,/travel-scenic-spot/mafengwo/11043.html,1
福冈,/travel-scenic-spot/mafengwo/15297.html,1
神户,/travel-scenic-spot/mafengwo/15298.html,1
那霸,/travel-scenic-spot/mafengwo/61629.html,1
函馆,/travel-scenic-spot/mafengwo/59480.html,1
小樽,/travel-scenic-spot/mafengwo/19816.html,1
镰仓,/travel-scenic-spot/mafengwo/10766.html,1
泰国,/travel-scenic-spot/mafengwo/10083.html,1
普吉岛,/travel-scenic-spot/mafengwo/11047.html,1
清迈,/travel-scenic-spot/mafengwo/15284.html,1
曼谷,/travel-scenic-spot/mafengwo/11045.html,1
苏梅岛,/travel-scenic-spot/mafengwo/14210.html,1
甲米,/travel-scenic-spot/mafengwo/16980.html,1
芭提雅,/travel-scenic-spot/mafengwo/11046.html,1
象岛,/travel-scenic-spot/mafengwo/16209.html,1
新加坡,/travel-scenic-spot/mafengwo/10754.html,1
印尼,/travel-scenic-spot/mafengwo/10181.html,1
巴厘岛,/travel-scenic-spot/mafengwo/10460.html,1
民丹岛,/travel-scenic-spot/mafengwo/13752.html,1
马来西亚,/travel-scenic-spot/mafengwo/10097.html,1
沙巴,/travel-scenic-spot/mafengwo/10760.html,1
仙本那,/travel-scenic-spot/mafengwo/28411.html,1
吉隆坡,/travel-scenic-spot/mafengwo/11049.html,1
兰卡威,/travel-scenic-spot/mafengwo/11051.html,1
越南,/travel-scenic-spot/mafengwo/10180.html,1
芽庄,/travel-scenic-spot/mafengwo/16102.html,1
岘港,/travel-scenic-spot/mafengwo/16315.html,1
美奈,/travel-scenic-spot/mafengwo/16105.html,1
大叻,/travel-scenic-spot/mafengwo/16359.html,1
河内,/travel-scenic-spot/mafengwo/11055.html,1
胡志明市,/travel-scenic-spot/mafengwo/11053.html,1
柬埔寨,/travel-scenic-spot/mafengwo/10070.html,1
缅甸,/travel-scenic-spot/mafengwo/10179.html,1
吴哥窟,/travel-scenic-spot/mafengwo/10406.html,1
暹粒,/travel-scenic-spot/mafengwo/15308.html,1
金边,/travel-scenic-spot/mafengwo/15305.html,1
仰光,/travel-scenic-spot/mafengwo/16113.html,1
蒲甘,/travel-scenic-spot/mafengwo/16112.html,1
曼德勒,/travel-scenic-spot/mafengwo/16114.html,1
菲律宾,/travel-scenic-spot/mafengwo/10067.html,1
文莱,/travel-scenic-spot/mafengwo/10753.html,1
长滩岛,/travel-scenic-spot/mafengwo/10737.html,1
杜马盖地,/travel-scenic-spot/mafengwo/29500.html,1
薄荷岛,/travel-scenic-spot/mafengwo/16115.html,1
宿雾,/travel-scenic-spot/mafengwo/16117.html,1
马尔代夫,/travel-scenic-spot/mafengwo/10101.html,1
马累,/travel-scenic-spot/mafengwo/11068.html,1
阿雅达岛,/travel-scenic-spot/mafengwo/33109.html,1
薇拉瓦鲁岛,/travel-scenic-spot/mafengwo/17748.html,1
宁静岛,/travel-scenic-spot/mafengwo/17751.html,1
阿联酋,/travel-scenic-spot/mafengwo/11213.html,1
伊朗,/travel-scenic-spot/mafengwo/11699.html,1
迪拜,/travel-scenic-spot/mafengwo/11214.html,1
阿布扎比,/travel-scenic-spot/mafengwo/11215.html,1
德黑兰,/travel-scenic-spot/mafengwo/47029.html,1
伊斯法罕,/travel-scenic-spot/mafengwo/49450.html,1
设拉子,/travel-scenic-spot/mafengwo/49111.html,1
斯里兰卡,/travel-scenic-spot/mafengwo/11058.html,1
科伦坡,/travel-scenic-spot/mafengwo/11059.html,1
康提,/travel-scenic-spot/mafengwo/11061.html,1
努沃勒埃利耶,/travel-scenic-spot/mafengwo/11062.html,1
尼甘布,/travel-scenic-spot/mafengwo/63702.html,1
尼泊尔,/travel-scenic-spot/mafengwo/10069.html,1
加德满都,/travel-scenic-spot/mafengwo/11275.html,1
博卡拉,/travel-scenic-spot/mafengwo/16126.html,1
巴德岗,/travel-scenic-spot/mafengwo/16127.html,1
印度,/travel-scenic-spot/mafengwo/10182.html,1
新德里,/travel-scenic-spot/mafengwo/16120.html,1
孟买,/travel-scenic-spot/mafengwo/16122.html,1
阿格拉,/travel-scenic-spot/mafengwo/18034.html,1
斋普尔,/travel-scenic-spot/mafengwo/16123.html,1
瓦拉纳西,/travel-scenic-spot/mafengwo/16125.html,1
美国,/travel-scenic-spot/mafengwo/10062.html,1
洛杉矶,/travel-scenic-spot/mafengwo/10926.html,1
旧金山,/travel-scenic-spot/mafengwo/10742.html,1
纽约,/travel-scenic-spot/mafengwo/10579.html,1
塞班岛,/travel-scenic-spot/mafengwo/10077.html,1
夏威夷,/travel-scenic-spot/mafengwo/10927.html,1
关岛,/travel-scenic-spot/mafengwo/19016.html,1
西雅图,/travel-scenic-spot/mafengwo/10929.html,1
华盛顿,/travel-scenic-spot/mafengwo/10745.html,1
波士顿,/travel-scenic-spot/mafengwo/10925.html,1
奥兰多,/travel-scenic-spot/mafengwo/10917.html,1
迈阿密,/travel-scenic-spot/mafengwo/10916.html,1
芝加哥,/travel-scenic-spot/mafengwo/10928.html,1
阿拉斯加,/travel-scenic-spot/mafengwo/11703.html,1
英国,/travel-scenic-spot/mafengwo/10122.html,1
爱尔兰,/travel-scenic-spot/mafengwo/11131.html,1
伦敦,/travel-scenic-spot/mafengwo/11124.html,1
爱丁堡,/travel-scenic-spot/mafengwo/11125.html,1
剑桥,/travel-scenic-spot/mafengwo/14784.html,1
牛津,/travel-scenic-spot/mafengwo/16162.html,1
约克,/travel-scenic-spot/mafengwo/11129.html,1
都柏林,/travel-scenic-spot/mafengwo/11132.html,1
意大利,/travel-scenic-spot/mafengwo/10051.html,1
罗马,/travel-scenic-spot/mafengwo/10063.html,1
威尼斯,/travel-scenic-spot/mafengwo/11083.html,1
佛罗伦萨,/travel-scenic-spot/mafengwo/11087.html,1
米兰,/travel-scenic-spot/mafengwo/11084.html,1
五渔村,/travel-scenic-spot/mafengwo/16428.html,1
法国,/travel-scenic-spot/mafengwo/10171.html,1
瑞士,/travel-scenic-spot/mafengwo/10169.html,1
巴黎,/travel-scenic-spot/mafengwo/10573.html,1
普罗旺斯,/travel-scenic-spot/mafengwo/11122.html,1
卢塞恩,/travel-scenic-spot/mafengwo/11109.html,1
苏黎世,/travel-scenic-spot/mafengwo/11110.html,1
因特拉肯,/travel-scenic-spot/mafengwo/11112.html,1
日内瓦,/travel-scenic-spot/mafengwo/11108.html,1
西班牙,/travel-scenic-spot/mafengwo/10173.html,1
巴塞罗那,/travel-scenic-spot/mafengwo/10102.html,1
马德里,/travel-scenic-spot/mafengwo/11133.html,1
塞维利亚,/travel-scenic-spot/mafengwo/11135.html,1
格拉纳达,/travel-scenic-spot/mafengwo/11138.html,1
托莱多,/travel-scenic-spot/mafengwo/21366.html,1
葡萄牙,/travel-scenic-spot/mafengwo/10172.html,1
里斯本,/travel-scenic-spot/mafengwo/11142.html,1
波尔图,/travel-scenic-spot/mafengwo/11171.html,1
辛特拉,/travel-scenic-spot/mafengwo/63452.html,1
俄罗斯,/travel-scenic-spot/mafengwo/10300.html,1
莫斯科,/travel-scenic-spot/mafengwo/11155.html,1
贝加尔湖,/travel-scenic-spot/mafengwo/14635.html,1
圣彼得堡,/travel-scenic-spot/mafengwo/15338.html,1
海参崴,/travel-scenic-spot/mafengwo/13006.html,1
德国,/travel-scenic-spot/mafengwo/10176.html,1
奥地利,/travel-scenic-spot/mafengwo/10175.html,1
慕尼黑,/travel-scenic-spot/mafengwo/11081.html,1
法兰克福,/travel-scenic-spot/mafengwo/10958.html,1
柏林,/travel-scenic-spot/mafengwo/10755.html,1
科隆,/travel-scenic-spot/mafengwo/11080.html,1
福森,/travel-scenic-spot/mafengwo/35987.html,1
维也纳,/travel-scenic-spot/mafengwo/11091.html,1
哈尔施塔特,/travel-scenic-spot/mafengwo/18705.html,1
萨尔茨堡,/travel-scenic-spot/mafengwo/11167.html,1
希腊,/travel-scenic-spot/mafengwo/10168.html,1
土耳其,/travel-scenic-spot/mafengwo/10053.html,1
圣托里尼,/travel-scenic-spot/mafengwo/16095.html,1
雅典,/travel-scenic-spot/mafengwo/11143.html,1
伊斯坦布尔,/travel-scenic-spot/mafengwo/11228.html,1
棉花堡,/travel-scenic-spot/mafengwo/16876.html,1
卡帕多奇亚,/travel-scenic-spot/mafengwo/18041.html,1
捷克,/travel-scenic-spot/mafengwo/10174.html,1
匈牙利,/travel-scenic-spot/mafengwo/11094.html,1
布拉格,/travel-scenic-spot/mafengwo/10761.html,1
克鲁姆洛夫,/travel-scenic-spot/mafengwo/11141.html,1
卡罗维发利,/travel-scenic-spot/mafengwo/22351.html,1
布达佩斯,/travel-scenic-spot/mafengwo/11095.html,1
冰岛,/travel-scenic-spot/mafengwo/14431.html,1
雷克雅未克,/travel-scenic-spot/mafengwo/16084.html,1
维克,/travel-scenic-spot/mafengwo/62910.html,1
阿克雷里,/travel-scenic-spot/mafengwo/62907.html,1
霍芬,/travel-scenic-spot/mafengwo/105930.html,0
荷兰,/travel-scenic-spot/mafengwo/11099.html,1
比利时,/travel-scenic-spot/mafengwo/11105.html,1
阿姆斯特丹,/travel-scenic-spot/mafengwo/11100.html,1
鹿特丹,/travel-scenic-spot/mafengwo/11101.html,1
羊角村,/travel-scenic-spot/mafengwo/16099.html,1
布鲁塞尔,/travel-scenic-spot/mafengwo/11106.html,1
布鲁日,/travel-scenic-spot/mafengwo/16100.html,1
加拿大,/travel-scenic-spot/mafengwo/10177.html,1
巴西,/travel-scenic-spot/mafengwo/10160.html,1
古巴,/travel-scenic-spot/mafengwo/11684.html,1
墨西哥,/travel-scenic-spot/mafengwo/11656.html,1
秘鲁,/travel-scenic-spot/mafengwo/11005.html,1
欧洲其他,/travel-scenic-spot/mafengwo/14431.html,1
芬兰,/travel-scenic-spot/mafengwo/10448.html,1
挪威,/travel-scenic-spot/mafengwo/11160.html,1
丹麦,/travel-scenic-spot/mafengwo/11157.html,1
瑞典,/travel-scenic-spot/mafengwo/10214.html,1
塞尔维亚,/travel-scenic-spot/mafengwo/26909.html,1
克罗地亚,/travel-scenic-spot/mafengwo/11853.html,1
澳大利亚,/travel-scenic-spot/mafengwo/10202.html,1
悉尼,/travel-scenic-spot/mafengwo/10855.html,1
墨尔本,/travel-scenic-spot/mafengwo/10856.html,1
凯恩斯,/travel-scenic-spot/mafengwo/10858.html,1
大堡礁,/travel-scenic-spot/mafengwo/19036.html,1
黄金海岸,/travel-scenic-spot/mafengwo/17339.html,1
布里斯班,/travel-scenic-spot/mafengwo/10857.html,1
新西兰,/travel-scenic-spot/mafengwo/10544.html,1
奥克兰,/travel-scenic-spot/mafengwo/10865.html,1
皇后镇,/travel-scenic-spot/mafengwo/10885.html,1
基督城,/travel-scenic-spot/mafengwo/15920.html,1
斐济,/travel-scenic-spot/mafengwo/11044.html,1
大溪地,/travel-scenic-spot/mafengwo/10344.html,1
埃及,/travel-scenic-spot/mafengwo/10178.html,1
开罗,/travel-scenic-spot/mafengwo/11367.html,1
卢克索,/travel-scenic-spot/mafengwo/11185.html,1
阿斯旺,/travel-scenic-spot/mafengwo/51454.html,1
红海,/travel-scenic-spot/mafengwo/48718.html,1
亚历山大,/travel-scenic-spot/mafengwo/16708.html,1
摩洛哥,/travel-scenic-spot/mafengwo/12033.html,1
马拉喀什,/travel-scenic-spot/mafengwo/16077.html,1
卡萨布兰卡,/travel-scenic-spot/mafengwo/113734.html,1
非斯,/travel-scenic-spot/mafengwo/16078.html,1
舍夫沙万,/travel-scenic-spot/mafengwo/113733.html,1
毛里求斯,/travel-scenic-spot/mafengwo/11761.html,1
塞舌尔,/travel-scenic-spot/mafengwo/16827.html,1
肯尼亚,/travel-scenic-spot/mafengwo/10029.html,1
马达加斯加,/travel-scenic-spot/mafengwo/17439.html,1
阿富汗 Afghanistan,/travel-scenic-spot/mafengwo/11698.html,1
阿联酋 United Arab Emirates,/travel-scenic-spot/mafengwo/11213.html,1
阿曼 Sultanate of Oman,/travel-scenic-spot/mafengwo/16674.html,1
阿塞拜疆 Azerbaijan,/travel-scenic-spot/mafengwo/31369.html,1
巴基斯坦 Pakistan,/travel-scenic-spot/mafengwo/11697.html,1
巴勒斯坦 Palestine,/travel-scenic-spot/mafengwo/32105.html,1
巴林 Bahrain,/travel-scenic-spot/mafengwo/15519.html,1
朝鲜 North Korea,/travel-scenic-spot/mafengwo/11780.html,1
东帝汶 East Timor,/travel-scenic-spot/mafengwo/29700.html,1
菲律宾 Philippines,/travel-scenic-spot/mafengwo/10067.html,1
格鲁吉亚 Georgia,/travel-scenic-spot/mafengwo/10234.html,1
哈萨克斯坦 The Republic of Kazakhstan,/travel-scenic-spot/mafengwo/17393.html,1
韩国 Korea,/travel-scenic-spot/mafengwo/10184.html,1
吉尔吉斯斯坦 Kyrgyzstan,/travel-scenic-spot/mafengwo/57194.html,1
柬埔寨 Cambodia,/travel-scenic-spot/mafengwo/10070.html,1
卡塔尔 The State of Qatar,/travel-scenic-spot/mafengwo/12035.html,1
科威特 The State of Kuwait,/travel-scenic-spot/mafengwo/21762.html,1
老挝 Laos,/travel-scenic-spot/mafengwo/10820.html,1
黎巴嫩 Lebanon,/travel-scenic-spot/mafengwo/12028.html,1
马尔代夫 Maldives,/travel-scenic-spot/mafengwo/10101.html,1
马来西亚 Malaysia,/travel-scenic-spot/mafengwo/10097.html,1
蒙古 Mongolia,/travel-scenic-spot/mafengwo/14293.html,1
孟加拉国 Bangladesh,/travel-scenic-spot/mafengwo/14783.html,1
缅甸 Myanmar,/travel-scenic-spot/mafengwo/10179.html,1
尼泊尔 Nepal,/travel-scenic-spot/mafengwo/10069.html,1
日本 Japan,/travel-scenic-spot/mafengwo/10183.html,1
沙特阿拉伯 Saudi Arabia,/travel-scenic-spot/mafengwo/11765.html,1
斯里兰卡 Sri Lanka,/travel-scenic-spot/mafengwo/11058.html,1
塔吉克斯坦 Tajikistan,/travel-scenic-spot/mafengwo/24254.html,1
泰国 Thailand,/travel-scenic-spot/mafengwo/10083.html,1
土库曼斯坦 Turkmenistan,/travel-scenic-spot/mafengwo/35250.html,1
文莱 Brunei Darussalam,/travel-scenic-spot/mafengwo/10753.html,1
乌兹别克斯坦 The Republic of Uzbekistan,/travel-scenic-spot/mafengwo/48878.html,1
新加坡 Singapore,/travel-scenic-spot/mafengwo/10754.html,1
叙利亚 The Syrian Arab Republic,/travel-scenic-spot/mafengwo/11217.html,1
亚美尼亚 The Republic of Armenia,/travel-scenic-spot/mafengwo/32160.html,1
也门 The Republic of Yemen,/travel-scenic-spot/mafengwo/21498.html,1
伊拉克 Iraq,/travel-scenic-spot/mafengwo/28466.html,1
伊朗 Iran,/travel-scenic-spot/mafengwo/11699.html,1
以色列 Israel,/travel-scenic-spot/mafengwo/10605.html,1
印度 India,/travel-scenic-spot/mafengwo/10182.html,1
印度尼西亚 Indonesia,/travel-scenic-spot/mafengwo/10181.html,1
约旦 Jordan,/travel-scenic-spot/mafengwo/11221.html,1
越南 Vietnam,/travel-scenic-spot/mafengwo/10180.html,1
中国 China,/travel-scenic-spot/mafengwo/21536.html,1
安提瓜和巴布达 Antigua and Barbuda,/travel-scenic-spot/mafengwo/57151.html,1
巴巴多斯 Barbados,/travel-scenic-spot/mafengwo/57152.html,1
巴哈马 Bahamas,/travel-scenic-spot/mafengwo/11943.html,1
巴拿马 Panama,/travel-scenic-spot/mafengwo/25229.html,1
多米尼加 Dominican Republic,/travel-scenic-spot/mafengwo/25756.html,1
多米尼克 Dominica,/travel-scenic-spot/mafengwo/57153.html,1
哥斯达黎加 Costa Rica,/travel-scenic-spot/mafengwo/24412.html,1
格林纳达 Grenada,/travel-scenic-spot/mafengwo/57154.html,1
古巴 Cuba,/travel-scenic-spot/mafengwo/11684.html,1
加拿大 Canada,/travel-scenic-spot/mafengwo/10177.html,1
美国 United States of America,/travel-scenic-spot/mafengwo/10062.html,1
德克萨斯,/travel-scenic-spot/mafengwo/31459.html,1
墨西哥 The United Mexican States,/travel-scenic-spot/mafengwo/11656.html,1
萨尔瓦多 El Salvador,/travel-scenic-spot/mafengwo/57156.html,1
特立尼达和多巴哥 Trinidad and Tobago,/travel-scenic-spot/mafengwo/57160.html,1
牙买加 Jamaica,/travel-scenic-spot/mafengwo/12030.html,1
阿根廷 Argentina,/travel-scenic-spot/mafengwo/10159.html,1
巴西 Brazil,/travel-scenic-spot/mafengwo/10160.html,1
秘鲁 The Republic of Peru,/travel-scenic-spot/mafengwo/11005.html,1
玻利维亚 Bolivia,/travel-scenic-spot/mafengwo/13484.html,1
厄瓜多尔 Ecuador,/travel-scenic-spot/mafengwo/18225.html,1
哥伦比亚 Colombia,/travel-scenic-spot/mafengwo/10955.html,1
圭亚那 Guyana,/travel-scenic-spot/mafengwo/57187.html,1
苏里南 The Republic of Suriname,/travel-scenic-spot/mafengwo/36914.html,1
委内瑞拉 Bolivarian Republic of Venezuela,/travel-scenic-spot/mafengwo/15757.html,1
乌拉圭 The Oriental Republic of Uruguay,/travel-scenic-spot/mafengwo/12104.html,1
智利 Republic of Chile,/travel-scenic-spot/mafengwo/10992.html,1
阿尔巴尼亚 The Republic of Albania,/travel-scenic-spot/mafengwo/24844.html,1
爱尔兰 Ireland,/travel-scenic-spot/mafengwo/11131.html,1
爱沙尼亚 The Republic of Estonia,/travel-scenic-spot/mafengwo/11631.html,1
安道尔 Andorra,/travel-scenic-spot/mafengwo/19744.html,1
奥地利 Austria,/travel-scenic-spot/mafengwo/10175.html,1
白俄罗斯 Belarus,/travel-scenic-spot/mafengwo/28072.html,1
保加利亚 The Republic of Bulgaria,/travel-scenic-spot/mafengwo/38605.html,1
比利时 Belgium,/travel-scenic-spot/mafengwo/11105.html,1
冰岛 Iceland,/travel-scenic-spot/mafengwo/10549.html,1
波黑 Bosnia and Herzegovina,/travel-scenic-spot/mafengwo/11570.html,1
波兰 Poland,/travel-scenic-spot/mafengwo/11147.html,1
丹麦 Denmark,/travel-scenic-spot/mafengwo/11157.html,1
德国 Germany,/travel-scenic-spot/mafengwo/10176.html,1
俄罗斯 Russia,/travel-scenic-spot/mafengwo/10300.html,1
法国 France,/travel-scenic-spot/mafengwo/10171.html,1
芬兰 Finland,/travel-scenic-spot/mafengwo/10448.html,1
荷兰 Holland,/travel-scenic-spot/mafengwo/11099.html,1
黑山 Montenegro,/travel-scenic-spot/mafengwo/57192.html,1
捷克 Czech,/travel-scenic-spot/mafengwo/10174.html,1
科索沃 The Republic of Kosovo,/travel-scenic-spot/mafengwo/57193.html,1
克罗地亚 Croatia,/travel-scenic-spot/mafengwo/11853.html,1
拉脱维亚 Latvia,/travel-scenic-spot/mafengwo/18897.html,1
立陶宛 Lithuania,/travel-scenic-spot/mafengwo/18942.html,1
列支敦士登 Liechtenstein,/travel-scenic-spot/mafengwo/11097.html,1
卢森堡 The Grand Duchy of Luxembourg,/travel-scenic-spot/mafengwo/11098.html,1
罗马尼亚 Romania,/travel-scenic-spot/mafengwo/30071.html,1
马耳他 Malta,/travel-scenic-spot/mafengwo/16501.html,1
马其顿 Macedonia,/travel-scenic-spot/mafengwo/38921.html,1
摩尔多瓦 The Republicof Moldova,/travel-scenic-spot/mafengwo/24945.html,1
摩纳哥 The Principality of Monaco,/travel-scenic-spot/mafengwo/11140.html,1
挪威 Norway,/travel-scenic-spot/mafengwo/11160.html,1
葡萄牙 Portugal,/travel-scenic-spot/mafengwo/10172.html,1
瑞典 The Kingdom of Sweden,/travel-scenic-spot/mafengwo/10214.html,1
瑞士 Switzerland,/travel-scenic-spot/mafengwo/10169.html,1
塞尔维亚 The Republic of Serbia,/travel-scenic-spot/mafengwo/26909.html,1
塞浦路斯 Cyprus,/travel-scenic-spot/mafengwo/16648.html,1
圣马力诺 The Republic of San Marino,/travel-scenic-spot/mafengwo/15077.html,1
斯洛伐克 Slovakia,/travel-scenic-spot/mafengwo/11153.html,1
斯洛文尼亚 The Republic of Slovenia,/travel-scenic-spot/mafengwo/11852.html,1
土耳其 Turkey,/travel-scenic-spot/mafengwo/10053.html,1
乌克兰 Ukraine,/travel-scenic-spot/mafengwo/15693.html,1
西班牙 Spain,/travel-scenic-spot/mafengwo/10173.html,1
希腊 Greece,/travel-scenic-spot/mafengwo/10168.html,1
匈牙利 Hungary,/travel-scenic-spot/mafengwo/11094.html,1
意大利 Italy,/travel-scenic-spot/mafengwo/10051.html,1
英国 United Kingdom,/travel-scenic-spot/mafengwo/10122.html,1
阿尔及利亚 People's Democratic Republic of Algeria,/travel-scenic-spot/mafengwo/12032.html,1
埃及 Egypt,/travel-scenic-spot/mafengwo/10178.html,1
埃塞俄比亚 Ethiopia,/travel-scenic-spot/mafengwo/12858.html,1
安哥拉 The Republic of Angola,/travel-scenic-spot/mafengwo/22047.html,1
贝宁 Benin,/travel-scenic-spot/mafengwo/57170.html,1
博茨瓦纳 Botswana,/travel-scenic-spot/mafengwo/15534.html,1
布基纳法索 Burkina Faso,/travel-scenic-spot/mafengwo/56531.html,1
布隆迪 Burundi,/travel-scenic-spot/mafengwo/57171.html,1
赤道几内亚 Equatorial Guinea,/travel-scenic-spot/mafengwo/57172.html,1
多哥 Togo,/travel-scenic-spot/mafengwo/17958.html,1
厄立特里亚 The State of Eritrea,/travel-scenic-spot/mafengwo/19760.html,1
佛得角 Cape Verde,/travel-scenic-spot/mafengwo/57173.html,1
冈比亚 Gambia,/travel-scenic-spot/mafengwo/57174.html,1
刚果 The Republic of Congo,/travel-scenic-spot/mafengwo/12031.html,1
刚果民主共和国 Democratic Republic of the Congo,/travel-scenic-spot/mafengwo/57175.html,1
吉布提 Djibouti,/travel-scenic-spot/mafengwo/57176.html,1
几内亚 The Republic of Guinea,/travel-scenic-spot/mafengwo/32815.html,1
几内亚比绍 Guinea-Bissau,/travel-scenic-spot/mafengwo/57177.html,1
加纳 Ghana,/travel-scenic-spot/mafengwo/11706.html,1
加蓬 Gabon,/travel-scenic-spot/mafengwo/57178.html,1
津巴布韦 Zimbabwe,/travel-scenic-spot/mafengwo/11752.html,1
喀麦隆 Cameroon,/travel-scenic-spot/mafengwo/27636.html,1
科摩罗 Comoros,/travel-scenic-spot/mafengwo/57179.html,1
科特迪瓦 Ivory Coast,/travel-scenic-spot/mafengwo/13122.html,1
肯尼亚 Kenya,/travel-scenic-spot/mafengwo/10029.html,1
莱索托 Lesotho,/travel-scenic-spot/mafengwo/57180.html,1
利比里亚 Liberia,/travel-scenic-spot/mafengwo/57181.html,1
利比亚 State of Libya,/travel-scenic-spot/mafengwo/16746.html,1
留尼旺 Réunion,/travel-scenic-spot/mafengwo/22478.html,1
卢旺达 Rwanda,/travel-scenic-spot/mafengwo/57182.html,1
马达加斯加 Madagascar,/travel-scenic-spot/mafengwo/17439.html,1
马拉维 The Republic of Malawi,/travel-scenic-spot/mafengwo/29615.html,1
马里 The Republic of Mali,/travel-scenic-spot/mafengwo/12036.html,1
毛里求斯 Mauritius,/travel-scenic-spot/mafengwo/11761.html,1
毛里塔尼亚 The Islamic Republic of Mauritania,/travel-scenic-spot/mafengwo/18450.html,1
摩洛哥 Morocco,/travel-scenic-spot/mafengwo/12033.html,1
莫桑比克 Mozambique,/travel-scenic-spot/mafengwo/11753.html,1
纳米比亚 Namibia,/travel-scenic-spot/mafengwo/10762.html,1
南非 South Africa,/travel-scenic-spot/mafengwo/10455.html,1
南苏丹 Republic of South Sudan,/travel-scenic-spot/mafengwo/19955.html,1
尼日尔 Niger,/travel-scenic-spot/mafengwo/12027.html,1
尼日利亚 Federal Republic of Nigeria,/travel-scenic-spot/mafengwo/21111.html,1
塞拉利昂 Sierra leone,/travel-scenic-spot/mafengwo/57183.html,1
塞内加尔 Senegal,/travel-scenic-spot/mafengwo/12026.html,1
塞舌尔 Seychelles,/travel-scenic-spot/mafengwo/16827.html,1
圣多美和普林西比 Sao Tome and Principe,/travel-scenic-spot/mafengwo/32925.html,1
苏丹 Sudan,/travel-scenic-spot/mafengwo/15123.html,1
索马里 Somalia,/travel-scenic-spot/mafengwo/57185.html,1
坦桑尼亚 The United Republic of Tanzania,/travel-scenic-spot/mafengwo/10818.html,1
突尼斯 Tunisia,/travel-scenic-spot/mafengwo/11604.html,1
乌干达 Uganda,/travel-scenic-spot/mafengwo/12034.html,1
西撒哈拉 Western Sahara,/travel-scenic-spot/mafengwo/57186.html,1
赞比亚 Zambia,/travel-scenic-spot/mafengwo/11751.html,1
乍得 Chad,/travel-scenic-spot/mafengwo/28359.html,1
中非 The Central African Republic,/travel-scenic-spot/mafengwo/10689.html,1
澳大利亚 Australia,/travel-scenic-spot/mafengwo/10202.html,1
巴布亚新几内亚 Papua New Guinea,/travel-scenic-spot/mafengwo/12647.html,1
大溪地 Tahiti,/travel-scenic-spot/mafengwo/10344.html,1
斐济 Fiji,/travel-scenic-spot/mafengwo/11044.html,1
关岛 Guam,/travel-scenic-spot/mafengwo/19016.html,1
库克群岛 Cook Islands,/travel-scenic-spot/mafengwo/57167.html,1
密克罗尼西亚联邦 Micronesia,/travel-scenic-spot/mafengwo/57163.html,1
萨摩亚 Samoa,/travel-scenic-spot/mafengwo/54998.html,1
汤加 The Kingdom of Tonga,/travel-scenic-spot/mafengwo/17753.html,1
瓦努阿图 Republic of Vanuatu,/travel-scenic-spot/mafengwo/52088.html,1
新西兰 New Zealand,/travel-scenic-spot/mafengwo/10544.html,1
