北京,http://www.mafengwo.cn/i/18058144.html
北京,http://www.mafengwo.cn/i/18728152.html
北京,http://www.mafengwo.cn/i/18719887.html
北京,http://www.mafengwo.cn/i/18305683.html
北京,http://www.mafengwo.cn/i/18720532.html
北京,http://www.mafengwo.cn/i/18725362.html
北京,http://www.mafengwo.cn/i/18724135.html
北京,http://www.mafengwo.cn/i/18538075.html
北京,http://www.mafengwo.cn/i/18721810.html
北京,http://www.mafengwo.cn/i/18718822.html
北京,http://www.mafengwo.cn/i/18408343.html
北京,http://www.mafengwo.cn/i/18265558.html
北京,http://www.mafengwo.cn/i/18730426.html
北京,http://www.mafengwo.cn/i/18736345.html
北京,http://www.mafengwo.cn/i/18532630.html
北京,http://www.mafengwo.cn/i/18509242.html
北京,http://www.mafengwo.cn/i/18731947.html
北京,http://www.mafengwo.cn/i/18548908.html
北京,http://www.mafengwo.cn/i/18725206.html
